"Sport","Season","Bronze","Silver","Gold","DNW"
"Aeronautics","Summer",0,0,1,0
"Alpinism","Summer",0,0,2,0
"Archery","Summer",56,64,66,922
"Art Competitions","Summer",49,53,45,495
"Athletics","Summer",999,1004,1000,20719
"Badminton","Summer",37,34,34,710
"Baseball","Summer",5,5,5,25
"Basketball","Summer",30,30,30,294
"Basque Pelota","Summer",0,0,1,0
"Beach Volleyball","Summer",12,12,12,195
"Boxing","Summer",441,251,252,4989
"Canoeing","Summer",227,226,226,2976
"Cricket","Summer",0,2,1,0
"Croquet","Summer",2,2,3,2
"Cycling","Summer",244,248,248,4336
"Diving","Summer",123,122,122,1487
"Equestrianism","Summer",145,145,147,1806
"Fencing","Summer",216,219,220,3018
"Figure Skating","Summer",7,7,7,17
"Football","Summer",36,34,33,346
"Golf","Summer",6,6,6,76
"Gymnastics","Summer",319,318,337,5992
"Handball","Summer",24,24,24,179
"Hockey","Summer",33,33,33,249
"Ice Hockey","Summer",1,1,1,4
"Jeu De Paume","Summer",1,1,1,2
"Judo","Summer",272,136,137,3236
"Lacrosse","Summer",1,2,2,0
"Modern Pentathlon","Summer",40,40,40,670
"Motorboating","Summer",0,0,3,3
"Polo","Summer",7,7,6,6
"Racquets","Summer",2,2,2,1
"Rhythmic Gymnastics","Summer",15,15,15,230
"Roque","Summer",1,1,1,1
"Rowing","Summer",262,261,260,2388
"Rugby","Summer",1,5,6,0
"Rugby Sevens","Summer",2,2,2,18
"Sailing","Summer",166,174,180,2999
"Shooting","Summer",284,285,284,5698
"Softball","Summer",4,4,4,20
"Swimming","Summer",561,562,562,12623
"Synchronized Swimming","Summer",17,16,18,238
"Table Tennis","Summer",35,32,32,920
"Taekwondo","Summer",64,40,40,462
"Tennis","Summer",84,72,71,1126
"Trampolining","Summer",10,10,10,113
"Triathlon","Summer",10,10,10,284
"Tug-Of-War","Summer",5,7,7,8
"Volleyball","Summer",28,28,28,208
"Water Polo","Summer",33,32,33,261
"Weightlifting","Summer",215,213,217,2853
"Wrestling","Summer",468,415,413,5524
