Sport,Medal,Count
Aeronautics,Bronze,0
Aeronautics,Silver,0
Aeronautics,Gold,1
Aeronautics,DNW,0
Alpinism,Bronze,0
Alpinism,Silver,0
Alpinism,Gold,2
Alpinism,DNW,0
Archery,Bronze,56
Archery,Silver,64
Archery,Gold,66
Archery,DNW,922
Art Competitions,Bronze,49
Art Competitions,Silver,53
Art Competitions,Gold,45
Art Competitions,DNW,495
Athletics,Bronze,999
Athletics,Silver,1004
Athletics,Gold,1000
Athletics,DNW,20719
Badminton,Bronze,37
Badminton,Silver,34
Badminton,Gold,34
Badminton,DNW,710
Baseball,Bronze,5
Baseball,Silver,5
Baseball,Gold,5
Baseball,DNW,25
Basketball,Bronze,30
Basketball,Silver,30
Basketball,Gold,30
Basketball,DNW,294
Basque Pelota,Bronze,0
Basque Pelota,Silver,0
Basque Pelota,Gold,1
Basque Pelota,DNW,0
Beach Volleyball,Bronze,12
Beach Volleyball,Silver,12
Beach Volleyball,Gold,12
Beach Volleyball,DNW,195
Boxing,Bronze,441
Boxing,Silver,251
Boxing,Gold,252
Boxing,DNW,4989
Canoeing,Bronze,227
Canoeing,Silver,226
Canoeing,Gold,226
Canoeing,DNW,2976
Cricket,Bronze,0
Cricket,Silver,2
Cricket,Gold,1
Cricket,DNW,0
Croquet,Bronze,2
Croquet,Silver,2
Croquet,Gold,3
Croquet,DNW,2
Cycling,Bronze,244
Cycling,Silver,248
Cycling,Gold,248
Cycling,DNW,4336
Diving,Bronze,123
Diving,Silver,122
Diving,Gold,122
Diving,DNW,1487
Equestrianism,Bronze,145
Equestrianism,Silver,145
Equestrianism,Gold,147
Equestrianism,DNW,1806
Fencing,Bronze,216
Fencing,Silver,219
Fencing,Gold,220
Fencing,DNW,3018
Figure Skating,Bronze,7
Figure Skating,Silver,7
Figure Skating,Gold,7
Figure Skating,DNW,17
Football,Bronze,36
Football,Silver,34
Football,Gold,33
Football,DNW,346
Golf,Bronze,6
Golf,Silver,6
Golf,Gold,6
Golf,DNW,76
Gymnastics,Bronze,319
Gymnastics,Silver,318
Gymnastics,Gold,337
Gymnastics,DNW,5992
Handball,Bronze,24
Handball,Silver,24
Handball,Gold,24
Handball,DNW,179
Hockey,Bronze,33
Hockey,Silver,33
Hockey,Gold,33
Hockey,DNW,249
Ice Hockey,Bronze,1
Ice Hockey,Silver,1
Ice Hockey,Gold,1
Ice Hockey,DNW,4
Jeu De Paume,Bronze,1
Jeu De Paume,Silver,1
Jeu De Paume,Gold,1
Jeu De Paume,DNW,2
Judo,Bronze,272
Judo,Silver,136
Judo,Gold,137
Judo,DNW,3236
Lacrosse,Bronze,1
Lacrosse,Silver,2
Lacrosse,Gold,2
Lacrosse,DNW,0
Modern Pentathlon,Bronze,40
Modern Pentathlon,Silver,40
Modern Pentathlon,Gold,40
Modern Pentathlon,DNW,670
Motorboating,Bronze,0
Motorboating,Silver,0
Motorboating,Gold,3
Motorboating,DNW,3
Polo,Bronze,7
Polo,Silver,7
Polo,Gold,6
Polo,DNW,6
Racquets,Bronze,2
Racquets,Silver,2
Racquets,Gold,2
Racquets,DNW,1
Rhythmic Gymnastics,Bronze,15
Rhythmic Gymnastics,Silver,15
Rhythmic Gymnastics,Gold,15
Rhythmic Gymnastics,DNW,230
Roque,Bronze,1
Roque,Silver,1
Roque,Gold,1
Roque,DNW,1
Rowing,Bronze,262
Rowing,Silver,261
Rowing,Gold,260
Rowing,DNW,2388
Rugby,Bronze,1
Rugby,Silver,5
Rugby,Gold,6
Rugby,DNW,0
Rugby Sevens,Bronze,2
Rugby Sevens,Silver,2
Rugby Sevens,Gold,2
Rugby Sevens,DNW,18
Sailing,Bronze,166
Sailing,Silver,174
Sailing,Gold,180
Sailing,DNW,2999
Shooting,Bronze,284
Shooting,Silver,285
Shooting,Gold,284
Shooting,DNW,5698
Softball,Bronze,4
Softball,Silver,4
Softball,Gold,4
Softball,DNW,20
Swimming,Bronze,561
Swimming,Silver,562
Swimming,Gold,562
Swimming,DNW,12623
Synchronized Swimming,Bronze,17
Synchronized Swimming,Silver,16
Synchronized Swimming,Gold,18
Synchronized Swimming,DNW,238
Table Tennis,Bronze,35
Table Tennis,Silver,32
Table Tennis,Gold,32
Table Tennis,DNW,920
Taekwondo,Bronze,64
Taekwondo,Silver,40
Taekwondo,Gold,40
Taekwondo,DNW,462
Tennis,Bronze,84
Tennis,Silver,72
Tennis,Gold,71
Tennis,DNW,1126
Trampolining,Bronze,10
Trampolining,Silver,10
Trampolining,Gold,10
Trampolining,DNW,113
Triathlon,Bronze,10
Triathlon,Silver,10
Triathlon,Gold,10
Triathlon,DNW,284
Tug-Of-War,Bronze,5
Tug-Of-War,Silver,7
Tug-Of-War,Gold,7
Tug-Of-War,DNW,8
Volleyball,Bronze,28
Volleyball,Silver,28
Volleyball,Gold,28
Volleyball,DNW,208
Water Polo,Bronze,33
Water Polo,Silver,32
Water Polo,Gold,33
Water Polo,DNW,261
Weightlifting,Bronze,215
Weightlifting,Silver,213
Weightlifting,Gold,217
Weightlifting,DNW,2853
Wrestling,Bronze,468
Wrestling,Silver,415
Wrestling,Gold,413
Wrestling,DNW,5524
