Country,Season,Medal,Count
Afghanistan,Summer,Bronze,2
Afghanistan,Summer,Silver,0
Afghanistan,Summer,Gold,0
Afghanistan,Summer,DNW,75
Albania,Summer,Bronze,0
Albania,Summer,Silver,0
Albania,Summer,Gold,0
Albania,Summer,DNW,57
Algeria,Summer,Bronze,8
Algeria,Summer,Silver,4
Algeria,Summer,Gold,5
Algeria,Summer,DNW,359
American Samoa,Summer,Bronze,0
American Samoa,Summer,Silver,0
American Samoa,Summer,Gold,0
American Samoa,Summer,DNW,34
Andorra,Summer,Bronze,0
Andorra,Summer,Silver,0
Andorra,Summer,Gold,0
Andorra,Summer,DNW,45
Angola,Summer,Bronze,0
Angola,Summer,Silver,0
Angola,Summer,Gold,0
Angola,Summer,DNW,110
Antigua,Summer,Bronze,0
Antigua,Summer,Silver,0
Antigua,Summer,Gold,0
Antigua,Summer,DNW,94
Argentina,Summer,Bronze,28
Argentina,Summer,Silver,25
Argentina,Summer,Gold,21
Argentina,Summer,DNW,1288
Armenia,Summer,Bronze,9
Armenia,Summer,Silver,5
Armenia,Summer,Gold,2
Armenia,Summer,DNW,154
Aruba,Summer,Bronze,0
Aruba,Summer,Silver,0
Aruba,Summer,Gold,0
Aruba,Summer,DNW,38
Australia,Summer,Bronze,197
Australia,Summer,Silver,171
Australia,Summer,Gold,150
Australia,Summer,DNW,2571
Austria,Summer,Bronze,42
Austria,Summer,Silver,40
Austria,Summer,Gold,26
Austria,Summer,DNW,1338
Azerbaijan,Summer,Bronze,25
Azerbaijan,Summer,Silver,12
Azerbaijan,Summer,Gold,7
Azerbaijan,Summer,DNW,203
Bahamas,Summer,Bronze,6
Bahamas,Summer,Silver,2
Bahamas,Summer,Gold,6
Bahamas,Summer,DNW,210
Bahrain,Summer,Bronze,1
Bahrain,Summer,Silver,1
Bahrain,Summer,Gold,1
Bahrain,Summer,DNW,84
Bangladesh,Summer,Bronze,0
Bangladesh,Summer,Silver,0
Bangladesh,Summer,Gold,0
Bangladesh,Summer,DNW,49
Barbados,Summer,Bronze,1
Barbados,Summer,Silver,0
Barbados,Summer,Gold,0
Barbados,Summer,DNW,170
Belarus,Summer,Bronze,43
Belarus,Summer,Silver,28
Belarus,Summer,Gold,13
Belarus,Summer,DNW,612
Belgium,Summer,Bronze,63
Belgium,Summer,Silver,59
Belgium,Summer,Gold,44
Belgium,Summer,DNW,1442
Belize,Summer,Bronze,0
Belize,Summer,Silver,0
Belize,Summer,Gold,0
Belize,Summer,DNW,55
Benin,Summer,Bronze,0
Benin,Summer,Silver,0
Benin,Summer,Gold,0
Benin,Summer,DNW,64
Bermuda,Summer,Bronze,1
Bermuda,Summer,Silver,0
Bermuda,Summer,Gold,0
Bermuda,Summer,DNW,134
Bhutan,Summer,Bronze,0
Bhutan,Summer,Silver,0
Bhutan,Summer,Gold,0
Bhutan,Summer,DNW,20
Bolivia,Summer,Bronze,0
Bolivia,Summer,Silver,0
Bolivia,Summer,Gold,0
Bolivia,Summer,DNW,108
Bosnia and Herzegovina,Summer,Bronze,0
Bosnia and Herzegovina,Summer,Silver,0
Bosnia and Herzegovina,Summer,Gold,0
Bosnia and Herzegovina,Summer,DNW,69
Botswana,Summer,Bronze,0
Botswana,Summer,Silver,1
Botswana,Summer,Gold,0
Botswana,Summer,DNW,66
Brazil,Summer,Bronze,62
Brazil,Summer,Silver,36
Brazil,Summer,Gold,30
Brazil,Summer,DNW,1484
Brunei,Summer,Bronze,0
Brunei,Summer,Silver,0
Brunei,Summer,Gold,0
Brunei,Summer,DNW,10
Bulgaria,Summer,Bronze,80
Bulgaria,Summer,Silver,86
Bulgaria,Summer,Gold,51
Bulgaria,Summer,DNW,1154
Burkina Faso,Summer,Bronze,0
Burkina Faso,Summer,Silver,0
Burkina Faso,Summer,Gold,0
Burkina Faso,Summer,DNW,42
Burundi,Summer,Bronze,0
Burundi,Summer,Silver,1
Burundi,Summer,Gold,1
Burundi,Summer,DNW,32
Cambodia,Summer,Bronze,0
Cambodia,Summer,Silver,0
Cambodia,Summer,Gold,0
Cambodia,Summer,DNW,54
Cameroon,Summer,Bronze,1
Cameroon,Summer,Silver,1
Cameroon,Summer,Gold,3
Cameroon,Summer,DNW,187
Canada,Summer,Bronze,137
Canada,Summer,Silver,104
Canada,Summer,Gold,64
Canada,Summer,DNW,2635
Cape Verde,Summer,Bronze,0
Cape Verde,Summer,Silver,0
Cape Verde,Summer,Gold,0
Cape Verde,Summer,DNW,18
Cayman Islands,Summer,Bronze,0
Cayman Islands,Summer,Silver,0
Cayman Islands,Summer,Gold,0
Cayman Islands,Summer,DNW,57
Central African Republic,Summer,Bronze,0
Central African Republic,Summer,Silver,0
Central African Republic,Summer,Gold,0
Central African Republic,Summer,DNW,51
Chad,Summer,Bronze,0
Chad,Summer,Silver,0
Chad,Summer,Gold,0
Chad,Summer,DNW,39
Chile,Summer,Bronze,4
Chile,Summer,Silver,7
Chile,Summer,Gold,2
Chile,Summer,DNW,432
China,Summer,Bronze,153
China,Summer,Silver,162
China,Summer,Gold,227
China,Summer,DNW,1392
Colombia,Summer,Bronze,14
Colombia,Summer,Silver,9
Colombia,Summer,Gold,5
Colombia,Summer,DNW,646
Comoros,Summer,Bronze,0
Comoros,Summer,Silver,0
Comoros,Summer,Gold,0
Comoros,Summer,DNW,19
Cook Islands,Summer,Bronze,0
Cook Islands,Summer,Silver,0
Cook Islands,Summer,Gold,0
Cook Islands,Summer,DNW,40
Costa Rica,Summer,Bronze,2
Costa Rica,Summer,Silver,1
Costa Rica,Summer,Gold,1
Costa Rica,Summer,DNW,160
Croatia,Summer,Bronze,12
Croatia,Summer,Silver,10
Croatia,Summer,Gold,11
Croatia,Summer,DNW,328
Cuba,Summer,Bronze,70
Cuba,Summer,Silver,67
Cuba,Summer,Gold,77
Cuba,Summer,DNW,957
Curacao,Summer,Bronze,0
Curacao,Summer,Silver,1
Curacao,Summer,Gold,0
Curacao,Summer,DNW,58
Cyprus,Summer,Bronze,0
Cyprus,Summer,Silver,1
Cyprus,Summer,Gold,0
Cyprus,Summer,DNW,152
Czech Republic,Summer,Bronze,75
Czech Republic,Summer,Silver,68
Czech Republic,Summer,Gold,64
Czech Republic,Summer,DNW,1738
Democratic Republic of the Congo,Summer,Bronze,0
Democratic Republic of the Congo,Summer,Silver,0
Democratic Republic of the Congo,Summer,Gold,0
Democratic Republic of the Congo,Summer,DNW,62
Denmark,Summer,Bronze,80
Denmark,Summer,Silver,81
Denmark,Summer,Gold,49
Denmark,Summer,DNW,1274
Djibouti,Summer,Bronze,1
Djibouti,Summer,Silver,0
Djibouti,Summer,Gold,0
Djibouti,Summer,DNW,32
Dominica,Summer,Bronze,0
Dominica,Summer,Silver,0
Dominica,Summer,Gold,0
Dominica,Summer,DNW,18
Dominican Republic,Summer,Bronze,2
Dominican Republic,Summer,Silver,2
Dominican Republic,Summer,Gold,3
Dominican Republic,Summer,DNW,195
Ecuador,Summer,Bronze,0
Ecuador,Summer,Silver,1
Ecuador,Summer,Gold,1
Ecuador,Summer,DNW,223
Egypt,Summer,Bronze,12
Egypt,Summer,Silver,8
Egypt,Summer,Gold,7
Egypt,Summer,DNW,762
El Salvador,Summer,Bronze,0
El Salvador,Summer,Silver,0
El Salvador,Summer,Gold,0
El Salvador,Summer,DNW,153
Equatorial Guinea,Summer,Bronze,0
Equatorial Guinea,Summer,Silver,0
Equatorial Guinea,Summer,Gold,0
Equatorial Guinea,Summer,DNW,37
Eritrea,Summer,Bronze,1
Eritrea,Summer,Silver,0
Eritrea,Summer,Gold,0
Eritrea,Summer,DNW,25
Estonia,Summer,Bronze,16
Estonia,Summer,Silver,9
Estonia,Summer,Gold,9
Estonia,Summer,DNW,308
Ethiopia,Summer,Bronze,22
Ethiopia,Summer,Silver,9
Ethiopia,Summer,Gold,22
Ethiopia,Summer,DNW,171
Fiji,Summer,Bronze,0
Fiji,Summer,Silver,0
Fiji,Summer,Gold,1
Fiji,Summer,DNW,162
Finland,Summer,Bronze,120
Finland,Summer,Silver,86
Finland,Summer,Gold,104
Finland,Summer,DNW,1518
France,Summer,Bronze,282
France,Summer,Silver,255
France,Summer,Gold,233
France,Summer,DNW,3075
Gabon,Summer,Bronze,0
Gabon,Summer,Silver,1
Gabon,Summer,Gold,0
Gabon,Summer,DNW,45
Gambia,Summer,Bronze,0
Gambia,Summer,Silver,0
Gambia,Summer,Gold,0
Gambia,Summer,DNW,40
Georgia,Summer,Bronze,18
Georgia,Summer,Silver,6
Georgia,Summer,Gold,8
Georgia,Summer,DNW,197
Germany,Summer,Bronze,490
Germany,Summer,Silver,457
Germany,Summer,Gold,442
Germany,Summer,DNW,3153
Ghana,Summer,Bronze,3
Ghana,Summer,Silver,1
Ghana,Summer,Gold,0
Ghana,Summer,DNW,174
Greece,Summer,Bronze,52
Greece,Summer,Silver,57
Greece,Summer,Gold,42
Greece,Summer,DNW,1325
Grenada,Summer,Bronze,0
Grenada,Summer,Silver,1
Grenada,Summer,Gold,1
Grenada,Summer,DNW,47
Guam,Summer,Bronze,0
Guam,Summer,Silver,0
Guam,Summer,Gold,0
Guam,Summer,DNW,89
Guatemala,Summer,Bronze,0
Guatemala,Summer,Silver,1
Guatemala,Summer,Gold,0
Guatemala,Summer,DNW,274
Guinea,Summer,Bronze,0
Guinea,Summer,Silver,0
Guinea,Summer,Gold,0
Guinea,Summer,DNW,59
Guinea-Bissau,Summer,Bronze,0
Guinea-Bissau,Summer,Silver,0
Guinea-Bissau,Summer,Gold,0
Guinea-Bissau,Summer,DNW,21
Guyana,Summer,Bronze,1
Guyana,Summer,Silver,0
Guyana,Summer,Gold,0
Guyana,Summer,DNW,98
Haiti,Summer,Bronze,1
Haiti,Summer,Silver,1
Haiti,Summer,Gold,1
Haiti,Summer,DNW,95
Honduras,Summer,Bronze,0
Honduras,Summer,Silver,0
Honduras,Summer,Gold,0
Honduras,Summer,DNW,108
Hong Kong,Summer,Bronze,1
Hong Kong,Summer,Silver,1
Hong Kong,Summer,Gold,1
Hong Kong,Summer,DNW,418
Hungary,Summer,Bronze,172
Hungary,Summer,Silver,154
Hungary,Summer,Gold,178
Hungary,Summer,DNW,2175
Iceland,Summer,Bronze,2
Iceland,Summer,Silver,2
Iceland,Summer,Gold,0
Iceland,Summer,DNW,289
India,Summer,Bronze,12
India,Summer,Silver,7
India,Summer,Gold,9
India,Summer,DNW,657
Individual Olympic Athletes,Summer,Bronze,3
Individual Olympic Athletes,Summer,Silver,1
Individual Olympic Athletes,Summer,Gold,1
Individual Olympic Athletes,Summer,DNW,68
Indonesia,Summer,Bronze,11
Indonesia,Summer,Silver,12
Indonesia,Summer,Gold,7
Indonesia,Summer,DNW,258
Iran,Summer,Bronze,29
Iran,Summer,Silver,21
Iran,Summer,Gold,18
Iran,Summer,DNW,458
Iraq,Summer,Bronze,1
Iraq,Summer,Silver,0
Iraq,Summer,Gold,0
Iraq,Summer,DNW,133
Ireland,Summer,Bronze,13
Ireland,Summer,Silver,11
Ireland,Summer,Gold,9
Ireland,Summer,DNW,763
Israel,Summer,Bronze,7
Israel,Summer,Silver,1
Israel,Summer,Gold,1
Israel,Summer,DNW,455
Italy,Summer,Bronze,198
Italy,Summer,Silver,191
Italy,Summer,Gold,219
Italy,Summer,DNW,2620
Ivory Coast,Summer,Bronze,1
Ivory Coast,Summer,Silver,1
Ivory Coast,Summer,Gold,1
Ivory Coast,Summer,DNW,118
Jamaica,Summer,Bronze,22
Jamaica,Summer,Silver,32
Jamaica,Summer,Gold,22
Jamaica,Summer,DNW,353
Japan,Summer,Bronze,161
Japan,Summer,Silver,134
Japan,Summer,Gold,142
Japan,Summer,DNW,2186
Jordan,Summer,Bronze,0
Jordan,Summer,Silver,0
Jordan,Summer,Gold,1
Jordan,Summer,DNW,73
Kazakhstan,Summer,Bronze,29
Kazakhstan,Summer,Silver,22
Kazakhstan,Summer,Gold,19
Kazakhstan,Summer,DNW,545
Kenya,Summer,Bronze,31
Kenya,Summer,Silver,38
Kenya,Summer,Gold,31
Kenya,Summer,DNW,335
Kiribati,Summer,Bronze,0
Kiribati,Summer,Silver,0
Kiribati,Summer,Gold,0
Kiribati,Summer,DNW,11
Kosovo,Summer,Bronze,0
Kosovo,Summer,Silver,0
Kosovo,Summer,Gold,1
Kosovo,Summer,DNW,7
Kuwait,Summer,Bronze,2
Kuwait,Summer,Silver,0
Kuwait,Summer,Gold,0
Kuwait,Summer,DNW,156
Kyrgyzstan,Summer,Bronze,2
Kyrgyzstan,Summer,Silver,1
Kyrgyzstan,Summer,Gold,0
Kyrgyzstan,Summer,DNW,181
Laos,Summer,Bronze,0
Laos,Summer,Silver,0
Laos,Summer,Gold,0
Laos,Summer,DNW,48
Latvia,Summer,Bronze,5
Latvia,Summer,Silver,11
Latvia,Summer,Gold,3
Latvia,Summer,DNW,305
Lebanon,Summer,Bronze,2
Lebanon,Summer,Silver,2
Lebanon,Summer,Gold,0
Lebanon,Summer,DNW,187
Lesotho,Summer,Bronze,0
Lesotho,Summer,Silver,0
Lesotho,Summer,Gold,0
Lesotho,Summer,DNW,54
Liberia,Summer,Bronze,0
Liberia,Summer,Silver,0
Liberia,Summer,Gold,0
Liberia,Summer,DNW,57
Libya,Summer,Bronze,0
Libya,Summer,Silver,0
Libya,Summer,Gold,0
Libya,Summer,DNW,64
Liechtenstein,Summer,Bronze,0
Liechtenstein,Summer,Silver,0
Liechtenstein,Summer,Gold,0
Liechtenstein,Summer,DNW,83
Lithuania,Summer,Bronze,13
Lithuania,Summer,Silver,6
Lithuania,Summer,Gold,6
Lithuania,Summer,DNW,324
Luxembourg,Summer,Bronze,0
Luxembourg,Summer,Silver,2
Luxembourg,Summer,Gold,4
Luxembourg,Summer,DNW,395
Macedonia,Summer,Bronze,1
Macedonia,Summer,Silver,0
Macedonia,Summer,Gold,0
Macedonia,Summer,DNW,61
Madagascar,Summer,Bronze,0
Madagascar,Summer,Silver,0
Madagascar,Summer,Gold,0
Madagascar,Summer,DNW,105
Malawi,Summer,Bronze,0
Malawi,Summer,Silver,0
Malawi,Summer,Gold,0
Malawi,Summer,DNW,73
Malaysia,Summer,Bronze,4
Malaysia,Summer,Silver,7
Malaysia,Summer,Gold,0
Malaysia,Summer,DNW,315
Maldives,Summer,Bronze,0
Maldives,Summer,Silver,0
Maldives,Summer,Gold,0
Maldives,Summer,DNW,40
Mali,Summer,Bronze,0
Mali,Summer,Silver,0
Mali,Summer,Gold,0
Mali,Summer,DNW,66
Malta,Summer,Bronze,0
Malta,Summer,Silver,0
Malta,Summer,Gold,0
Malta,Summer,DNW,81
Marshall Islands,Summer,Bronze,0
Marshall Islands,Summer,Silver,0
Marshall Islands,Summer,Gold,0
Marshall Islands,Summer,DNW,14
Mauritania,Summer,Bronze,0
Mauritania,Summer,Silver,0
Mauritania,Summer,Gold,0
Mauritania,Summer,DNW,29
Mauritius,Summer,Bronze,1
Mauritius,Summer,Silver,0
Mauritius,Summer,Gold,0
Mauritius,Summer,DNW,116
Mexico,Summer,Bronze,30
Mexico,Summer,Silver,24
Mexico,Summer,Gold,13
Mexico,Summer,DNW,1303
Micronesia,Summer,Bronze,0
Micronesia,Summer,Silver,0
Micronesia,Summer,Gold,0
Micronesia,Summer,DNW,26
Moldova,Summer,Bronze,5
Moldova,Summer,Silver,2
Moldova,Summer,Gold,0
Moldova,Summer,DNW,168
Monaco,Summer,Bronze,1
Monaco,Summer,Silver,0
Monaco,Summer,Gold,0
Monaco,Summer,DNW,101
Mongolia,Summer,Bronze,14
Mongolia,Summer,Silver,10
Mongolia,Summer,Gold,2
Mongolia,Summer,DNW,359
Montenegro,Summer,Bronze,0
Montenegro,Summer,Silver,1
Montenegro,Summer,Gold,0
Montenegro,Summer,DNW,25
Morocco,Summer,Bronze,12
Morocco,Summer,Silver,5
Morocco,Summer,Gold,6
Morocco,Summer,DNW,352
Mozambique,Summer,Bronze,1
Mozambique,Summer,Silver,0
Mozambique,Summer,Gold,1
Mozambique,Summer,DNW,72
Myanmar,Summer,Bronze,0
Myanmar,Summer,Silver,0
Myanmar,Summer,Gold,0
Myanmar,Summer,DNW,95
Namibia,Summer,Bronze,0
Namibia,Summer,Silver,4
Namibia,Summer,Gold,0
Namibia,Summer,DNW,67
Nauru,Summer,Bronze,0
Nauru,Summer,Silver,0
Nauru,Summer,Gold,0
Nauru,Summer,DNW,13
Nepal,Summer,Bronze,0
Nepal,Summer,Silver,0
Nepal,Summer,Gold,0
Nepal,Summer,DNW,80
Netherlands,Summer,Bronze,114
Netherlands,Summer,Silver,95
Netherlands,Summer,Gold,88
Netherlands,Summer,DNW,1583
New Zealand,Summer,Bronze,44
New Zealand,Summer,Silver,27
New Zealand,Summer,Gold,47
New Zealand,Summer,DNW,958
Nicaragua,Summer,Bronze,0
Nicaragua,Summer,Silver,0
Nicaragua,Summer,Gold,0
Nicaragua,Summer,DNW,103
Niger,Summer,Bronze,1
Niger,Summer,Silver,1
Niger,Summer,Gold,0
Niger,Summer,DNW,43
Nigeria,Summer,Bronze,13
Nigeria,Summer,Silver,8
Nigeria,Summer,Gold,3
Nigeria,Summer,DNW,389
North Korea,Summer,Bronze,23
North Korea,Summer,Silver,15
North Korea,Summer,Gold,16
North Korea,Summer,DNW,281
Norway,Summer,Bronze,48
Norway,Summer,Silver,51
Norway,Summer,Gold,56
Norway,Summer,DNW,1035
Oman,Summer,Bronze,0
Oman,Summer,Silver,0
Oman,Summer,Gold,0
Oman,Summer,DNW,51
Pakistan,Summer,Bronze,4
Pakistan,Summer,Silver,3
Pakistan,Summer,Gold,3
Pakistan,Summer,DNW,259
Palau,Summer,Bronze,0
Palau,Summer,Silver,0
Palau,Summer,Gold,0
Palau,Summer,DNW,25
Palestine,Summer,Bronze,0
Palestine,Summer,Silver,0
Palestine,Summer,Gold,0
Palestine,Summer,DNW,21
Panama,Summer,Bronze,2
Panama,Summer,Silver,0
Panama,Summer,Gold,1
Panama,Summer,DNW,116
Papua New Guinea,Summer,Bronze,0
Papua New Guinea,Summer,Silver,0
Papua New Guinea,Summer,Gold,0
Papua New Guinea,Summer,DNW,98
Paraguay,Summer,Bronze,0
Paraguay,Summer,Silver,1
Paraguay,Summer,Gold,0
Paraguay,Summer,DNW,93
Peru,Summer,Bronze,0
Peru,Summer,Silver,3
Peru,Summer,Gold,1
Peru,Summer,DNW,314
Philippines,Summer,Bronze,7
Philippines,Summer,Silver,3
Philippines,Summer,Gold,0
Philippines,Summer,DNW,481
Poland,Summer,Bronze,134
Poland,Summer,Silver,87
Poland,Summer,Gold,69
Poland,Summer,DNW,1916
Portugal,Summer,Bronze,12
Portugal,Summer,Silver,8
Portugal,Summer,Gold,4
Portugal,Summer,DNW,841
Puerto Rico,Summer,Bronze,6
Puerto Rico,Summer,Silver,2
Puerto Rico,Summer,Gold,1
Puerto Rico,Summer,DNW,596
Qatar,Summer,Bronze,4
Qatar,Summer,Silver,1
Qatar,Summer,Gold,0
Qatar,Summer,DNW,109
Refugee Olympic Athletes,Summer,Bronze,0
Refugee Olympic Athletes,Summer,Silver,0
Refugee Olympic Athletes,Summer,Gold,0
Refugee Olympic Athletes,Summer,DNW,12
Republic of Congo,Summer,Bronze,0
Republic of Congo,Summer,Silver,0
Republic of Congo,Summer,Gold,0
Republic of Congo,Summer,DNW,74
Romania,Summer,Bronze,120
Romania,Summer,Silver,95
Romania,Summer,Gold,88
Romania,Summer,DNW,1309
Russia,Summer,Bronze,487
Russia,Summer,Silver,498
Russia,Summer,Gold,592
Russia,Summer,DNW,2359
Rwanda,Summer,Bronze,0
Rwanda,Summer,Silver,0
Rwanda,Summer,Gold,0
Rwanda,Summer,DNW,53
Saint Kitts,Summer,Bronze,0
Saint Kitts,Summer,Silver,0
Saint Kitts,Summer,Gold,0
Saint Kitts,Summer,DNW,23
Saint Lucia,Summer,Bronze,0
Saint Lucia,Summer,Silver,0
Saint Lucia,Summer,Gold,0
Saint Lucia,Summer,DNW,24
Saint Vincent,Summer,Bronze,0
Saint Vincent,Summer,Silver,0
Saint Vincent,Summer,Gold,0
Saint Vincent,Summer,DNW,33
Samoa,Summer,Bronze,0
Samoa,Summer,Silver,0
Samoa,Summer,Gold,0
Samoa,Summer,DNW,63
San Marino,Summer,Bronze,0
San Marino,Summer,Silver,0
San Marino,Summer,Gold,0
San Marino,Summer,DNW,108
Sao Tome and Principe,Summer,Bronze,0
Sao Tome and Principe,Summer,Silver,0
Sao Tome and Principe,Summer,Gold,0
Sao Tome and Principe,Summer,DNW,15
Saudi Arabia,Summer,Bronze,2
Saudi Arabia,Summer,Silver,1
Saudi Arabia,Summer,Gold,0
Saudi Arabia,Summer,DNW,132
Senegal,Summer,Bronze,0
Senegal,Summer,Silver,1
Senegal,Summer,Gold,0
Senegal,Summer,DNW,235
Serbia,Summer,Bronze,37
Serbia,Summer,Silver,39
Serbia,Summer,Gold,31
Serbia,Summer,DNW,868
Seychelles,Summer,Bronze,0
Seychelles,Summer,Silver,0
Seychelles,Summer,Gold,0
Seychelles,Summer,DNW,101
Sierra Leone,Summer,Bronze,0
Sierra Leone,Summer,Silver,0
Sierra Leone,Summer,Gold,0
Sierra Leone,Summer,DNW,76
Singapore,Summer,Bronze,2
Singapore,Summer,Silver,2
Singapore,Summer,Gold,1
Singapore,Summer,DNW,233
Slovakia,Summer,Bronze,8
Slovakia,Summer,Silver,11
Slovakia,Summer,Gold,9
Slovakia,Summer,DNW,323
Slovenia,Summer,Bronze,10
Slovenia,Summer,Silver,8
Slovenia,Summer,Gold,5
Slovenia,Summer,DNW,338
Solomon Islands,Summer,Bronze,0
Solomon Islands,Summer,Silver,0
Solomon Islands,Summer,Gold,0
Solomon Islands,Summer,DNW,27
Somalia,Summer,Bronze,0
Somalia,Summer,Silver,0
Somalia,Summer,Gold,0
Somalia,Summer,DNW,28
South Africa,Summer,Bronze,30
South Africa,Summer,Silver,33
South Africa,Summer,Gold,25
South Africa,Summer,DNW,805
South Korea,Summer,Bronze,88
South Korea,Summer,Silver,85
South Korea,Summer,Gold,90
South Korea,Summer,DNW,1408
South Sudan,Summer,Bronze,0
South Sudan,Summer,Silver,0
South Sudan,Summer,Gold,0
South Sudan,Summer,DNW,3
Spain,Summer,Bronze,41
Spain,Summer,Silver,63
Spain,Summer,Gold,44
Spain,Summer,DNW,1776
Sri Lanka,Summer,Bronze,0
Sri Lanka,Summer,Silver,2
Sri Lanka,Summer,Gold,0
Sri Lanka,Summer,DNW,128
Sudan,Summer,Bronze,0
Sudan,Summer,Silver,1
Sudan,Summer,Gold,0
Sudan,Summer,DNW,86
Suriname,Summer,Bronze,1
Suriname,Summer,Silver,0
Suriname,Summer,Gold,1
Suriname,Summer,DNW,66
Swaziland,Summer,Bronze,0
Swaziland,Summer,Silver,0
Swaziland,Summer,Gold,0
Swaziland,Summer,DNW,59
Sweden,Summer,Bronze,188
Sweden,Summer,Silver,175
Sweden,Summer,Gold,150
Sweden,Summer,DNW,2083
Switzerland,Summer,Bronze,69
Switzerland,Summer,Silver,82
Switzerland,Summer,Gold,58
Switzerland,Summer,DNW,1579
Syria,Summer,Bronze,2
Syria,Summer,Silver,2
Syria,Summer,Gold,1
Syria,Summer,DNW,167
Taiwan,Summer,Bronze,14
Taiwan,Summer,Silver,7
Taiwan,Summer,Gold,3
Taiwan,Summer,DNW,594
Tajikistan,Summer,Bronze,2
Tajikistan,Summer,Silver,1
Tajikistan,Summer,Gold,1
Tajikistan,Summer,DNW,56
Tanzania,Summer,Bronze,0
Tanzania,Summer,Silver,2
Tanzania,Summer,Gold,0
Tanzania,Summer,DNW,105
Thailand,Summer,Bronze,13
Thailand,Summer,Silver,8
Thailand,Summer,Gold,9
Thailand,Summer,DNW,471
Timor-Leste,Summer,Bronze,0
Timor-Leste,Summer,Silver,0
Timor-Leste,Summer,Gold,0
Timor-Leste,Summer,DNW,8
Togo,Summer,Bronze,1
Togo,Summer,Silver,0
Togo,Summer,Gold,0
Togo,Summer,DNW,46
Tonga,Summer,Bronze,0
Tonga,Summer,Silver,1
Tonga,Summer,Gold,0
Tonga,Summer,DNW,44
Trinidad,Summer,Bronze,13
Trinidad,Summer,Silver,5
Trinidad,Summer,Gold,3
Trinidad,Summer,DNW,218
Tunisia,Summer,Bronze,7
Tunisia,Summer,Silver,3
Tunisia,Summer,Gold,3
Tunisia,Summer,DNW,307
Turkey,Summer,Bronze,28
Turkey,Summer,Silver,27
Turkey,Summer,Gold,40
Turkey,Summer,DNW,778
Turkmenistan,Summer,Bronze,0
Turkmenistan,Summer,Silver,0
Turkmenistan,Summer,Gold,0
Turkmenistan,Summer,DNW,53
Tuvalu,Summer,Bronze,0
Tuvalu,Summer,Silver,0
Tuvalu,Summer,Gold,0
Tuvalu,Summer,DNW,7
Uganda,Summer,Bronze,2
Uganda,Summer,Silver,3
Uganda,Summer,Gold,2
Uganda,Summer,DNW,192
UK,Summer,Bronze,298
UK,Summer,Silver,316
UK,Summer,Gold,278
UK,Summer,DNW,3240
Ukraine,Summer,Bronze,59
Ukraine,Summer,Silver,32
Ukraine,Summer,Gold,35
Ukraine,Summer,DNW,921
United Arab Emirates,Summer,Bronze,1
United Arab Emirates,Summer,Silver,0
United Arab Emirates,Summer,Gold,1
United Arab Emirates,Summer,DNW,83
Unknown,Summer,Bronze,0
Unknown,Summer,Silver,0
Unknown,Summer,Gold,0
Unknown,Summer,DNW,1
Uruguay,Summer,Bronze,6
Uruguay,Summer,Silver,2
Uruguay,Summer,Gold,2
Uruguay,Summer,DNW,273
USA,Summer,Bronze,707
USA,Summer,Silver,802
USA,Summer,Gold,1035
USA,Summer,DNW,3424
Uzbekistan,Summer,Bronze,17
Uzbekistan,Summer,Silver,7
Uzbekistan,Summer,Gold,9
Uzbekistan,Summer,DNW,366
Vanuatu,Summer,Bronze,0
Vanuatu,Summer,Silver,0
Vanuatu,Summer,Gold,0
Vanuatu,Summer,DNW,35
Venezuela,Summer,Bronze,10
Venezuela,Summer,Silver,3
Venezuela,Summer,Gold,2
Venezuela,Summer,DNW,611
Vietnam,Summer,Bronze,0
Vietnam,Summer,Silver,3
Vietnam,Summer,Gold,1
Vietnam,Summer,DNW,177
"Virgin Islands, British",Summer,Bronze,0
"Virgin Islands, British",Summer,Silver,0
"Virgin Islands, British",Summer,Gold,0
"Virgin Islands, British",Summer,DNW,28
"Virgin Islands, US",Summer,Bronze,0
"Virgin Islands, US",Summer,Silver,1
"Virgin Islands, US",Summer,Gold,0
"Virgin Islands, US",Summer,DNW,175
Yemen,Summer,Bronze,0
Yemen,Summer,Silver,0
Yemen,Summer,Gold,0
Yemen,Summer,DNW,47
Zambia,Summer,Bronze,1
Zambia,Summer,Silver,1
Zambia,Summer,Gold,0
Zambia,Summer,DNW,137
Zimbabwe,Summer,Bronze,1
Zimbabwe,Summer,Silver,4
Zimbabwe,Summer,Gold,3
Zimbabwe,Summer,DNW,215
Albania,Winter,Bronze,0
Albania,Winter,Silver,0
Albania,Winter,Gold,0
Albania,Winter,DNW,7
Algeria,Winter,Bronze,0
Algeria,Winter,Silver,0
Algeria,Winter,Gold,0
Algeria,Winter,DNW,9
American Samoa,Winter,Bronze,0
American Samoa,Winter,Silver,0
American Samoa,Winter,Gold,0
American Samoa,Winter,DNW,1
Andorra,Winter,Bronze,0
Andorra,Winter,Silver,0
Andorra,Winter,Gold,0
Andorra,Winter,DNW,69
Argentina,Winter,Bronze,0
Argentina,Winter,Silver,0
Argentina,Winter,Gold,0
Argentina,Winter,DNW,167
Armenia,Winter,Bronze,0
Armenia,Winter,Silver,0
Armenia,Winter,Gold,0
Armenia,Winter,DNW,37
Australia,Winter,Bronze,4
Australia,Winter,Silver,3
Australia,Winter,Gold,6
Australia,Winter,DNW,318
Austria,Winter,Bronze,81
Austria,Winter,Silver,78
Austria,Winter,Gold,59
Austria,Winter,DNW,602
Azerbaijan,Winter,Bronze,0
Azerbaijan,Winter,Silver,0
Azerbaijan,Winter,Gold,0
Azerbaijan,Winter,DNW,14
Belarus,Winter,Bronze,5
Belarus,Winter,Silver,4
Belarus,Winter,Gold,6
Belarus,Winter,DNW,181
Belgium,Winter,Bronze,3
Belgium,Winter,Silver,1
Belgium,Winter,Gold,1
Belgium,Winter,DNW,111
Bermuda,Winter,Bronze,0
Bermuda,Winter,Silver,0
Bermuda,Winter,Gold,0
Bermuda,Winter,DNW,7
Bolivia,Winter,Bronze,0
Bolivia,Winter,Silver,0
Bolivia,Winter,Gold,0
Bolivia,Winter,DNW,12
Bosnia and Herzegovina,Winter,Bronze,0
Bosnia and Herzegovina,Winter,Silver,0
Bosnia and Herzegovina,Winter,Gold,0
Bosnia and Herzegovina,Winter,DNW,48
Brazil,Winter,Bronze,0
Brazil,Winter,Silver,0
Brazil,Winter,Gold,0
Brazil,Winter,DNW,44
Bulgaria,Winter,Bronze,3
Bulgaria,Winter,Silver,2
Bulgaria,Winter,Gold,1
Bulgaria,Winter,DNW,269
Cameroon,Winter,Bronze,0
Cameroon,Winter,Silver,0
Cameroon,Winter,Gold,0
Cameroon,Winter,DNW,2
Canada,Winter,Bronze,52
Canada,Winter,Silver,56
Canada,Winter,Gold,62
Canada,Winter,DNW,755
Cayman Islands,Winter,Bronze,0
Cayman Islands,Winter,Silver,0
Cayman Islands,Winter,Gold,0
Cayman Islands,Winter,DNW,3
Chile,Winter,Bronze,0
Chile,Winter,Silver,0
Chile,Winter,Gold,0
Chile,Winter,DNW,79
China,Winter,Bronze,19
China,Winter,Silver,22
China,Winter,Gold,12
China,Winter,DNW,303
Colombia,Winter,Bronze,0
Colombia,Winter,Silver,0
Colombia,Winter,Gold,0
Colombia,Winter,DNW,2
Costa Rica,Winter,Bronze,0
Costa Rica,Winter,Silver,0
Costa Rica,Winter,Gold,0
Costa Rica,Winter,DNW,18
Croatia,Winter,Bronze,1
Croatia,Winter,Silver,6
Croatia,Winter,Gold,4
Croatia,Winter,DNW,91
Curacao,Winter,Bronze,0
Curacao,Winter,Silver,0
Curacao,Winter,Gold,0
Curacao,Winter,DNW,3
Cyprus,Winter,Bronze,0
Cyprus,Winter,Silver,0
Cyprus,Winter,Gold,0
Cyprus,Winter,DNW,30
Czech Republic,Winter,Bronze,23
Czech Republic,Winter,Silver,17
Czech Republic,Winter,Gold,9
Czech Republic,Winter,DNW,562
Denmark,Winter,Bronze,0
Denmark,Winter,Silver,1
Denmark,Winter,Gold,0
Denmark,Winter,DNW,74
Dominica,Winter,Bronze,0
Dominica,Winter,Silver,0
Dominica,Winter,Gold,0
Dominica,Winter,DNW,1
Egypt,Winter,Bronze,0
Egypt,Winter,Silver,0
Egypt,Winter,Gold,0
Egypt,Winter,DNW,3
Estonia,Winter,Bronze,1
Estonia,Winter,Silver,2
Estonia,Winter,Gold,4
Estonia,Winter,DNW,167
Ethiopia,Winter,Bronze,0
Ethiopia,Winter,Silver,0
Ethiopia,Winter,Gold,0
Ethiopia,Winter,DNW,2
Fiji,Winter,Bronze,0
Fiji,Winter,Silver,0
Fiji,Winter,Gold,0
Fiji,Winter,DNW,4
Finland,Winter,Bronze,57
Finland,Winter,Silver,62
Finland,Winter,Gold,42
Finland,Winter,DNW,467
France,Winter,Bronze,47
France,Winter,Silver,31
France,Winter,Gold,31
France,Winter,DNW,637
Georgia,Winter,Bronze,0
Georgia,Winter,Silver,0
Georgia,Winter,Gold,0
Georgia,Winter,DNW,33
Germany,Winter,Bronze,106
Germany,Winter,Silver,135
Germany,Winter,Gold,136
Germany,Winter,DNW,768
Ghana,Winter,Bronze,0
Ghana,Winter,Silver,0
Ghana,Winter,Gold,0
Ghana,Winter,DNW,1
Greece,Winter,Bronze,0
Greece,Winter,Silver,0
Greece,Winter,Gold,0
Greece,Winter,DNW,115
Guam,Winter,Bronze,0
Guam,Winter,Silver,0
Guam,Winter,Gold,0
Guam,Winter,DNW,1
Guatemala,Winter,Bronze,0
Guatemala,Winter,Silver,0
Guatemala,Winter,Gold,0
Guatemala,Winter,DNW,8
Honduras,Winter,Bronze,0
Honduras,Winter,Silver,0
Honduras,Winter,Gold,0
Honduras,Winter,DNW,3
Hong Kong,Winter,Bronze,0
Hong Kong,Winter,Silver,0
Hong Kong,Winter,Gold,0
Hong Kong,Winter,DNW,10
Hungary,Winter,Bronze,4
Hungary,Winter,Silver,2
Hungary,Winter,Gold,0
Hungary,Winter,DNW,260
Iceland,Winter,Bronze,0
Iceland,Winter,Silver,0
Iceland,Winter,Gold,0
Iceland,Winter,DNW,103
India,Winter,Bronze,0
India,Winter,Silver,0
India,Winter,Gold,1
India,Winter,DNW,20
Individual Olympic Athletes,Winter,Bronze,0
Individual Olympic Athletes,Winter,Silver,0
Individual Olympic Athletes,Winter,Gold,0
Individual Olympic Athletes,Winter,DNW,1
Iran,Winter,Bronze,0
Iran,Winter,Silver,0
Iran,Winter,Gold,0
Iran,Winter,DNW,31
Ireland,Winter,Bronze,0
Ireland,Winter,Silver,0
Ireland,Winter,Gold,0
Ireland,Winter,DNW,32
Israel,Winter,Bronze,0
Israel,Winter,Silver,0
Israel,Winter,Gold,0
Israel,Winter,DNW,18
Italy,Winter,Bronze,43
Italy,Winter,Silver,34
Italy,Winter,Gold,37
Italy,Winter,DNW,723
Jamaica,Winter,Bronze,0
Jamaica,Winter,Silver,0
Jamaica,Winter,Gold,0
Jamaica,Winter,DNW,11
Japan,Winter,Bronze,18
Japan,Winter,Silver,17
Japan,Winter,Gold,10
Japan,Winter,DNW,690
Kazakhstan,Winter,Bronze,3
Kazakhstan,Winter,Silver,3
Kazakhstan,Winter,Gold,1
Kazakhstan,Winter,DNW,221
Kenya,Winter,Bronze,0
Kenya,Winter,Silver,0
Kenya,Winter,Gold,0
Kenya,Winter,DNW,4
Kyrgyzstan,Winter,Bronze,0
Kyrgyzstan,Winter,Silver,0
Kyrgyzstan,Winter,Gold,0
Kyrgyzstan,Winter,DNW,15
Latvia,Winter,Bronze,3
Latvia,Winter,Silver,4
Latvia,Winter,Gold,0
Latvia,Winter,DNW,187
Lebanon,Winter,Bronze,0
Lebanon,Winter,Silver,0
Lebanon,Winter,Gold,0
Lebanon,Winter,DNW,52
Liechtenstein,Winter,Bronze,5
Liechtenstein,Winter,Silver,2
Liechtenstein,Winter,Gold,2
Liechtenstein,Winter,DNW,131
Lithuania,Winter,Bronze,0
Lithuania,Winter,Silver,0
Lithuania,Winter,Gold,0
Lithuania,Winter,DNW,95
Luxembourg,Winter,Bronze,0
Luxembourg,Winter,Silver,2
Luxembourg,Winter,Gold,0
Luxembourg,Winter,DNW,17
Macedonia,Winter,Bronze,0
Macedonia,Winter,Silver,0
Macedonia,Winter,Gold,0
Macedonia,Winter,DNW,22
Madagascar,Winter,Bronze,0
Madagascar,Winter,Silver,0
Madagascar,Winter,Gold,0
Madagascar,Winter,DNW,2
Malta,Winter,Bronze,0
Malta,Winter,Silver,0
Malta,Winter,Gold,0
Malta,Winter,DNW,2
Mexico,Winter,Bronze,0
Mexico,Winter,Silver,0
Mexico,Winter,Gold,0
Mexico,Winter,DNW,36
Moldova,Winter,Bronze,0
Moldova,Winter,Silver,0
Moldova,Winter,Gold,0
Moldova,Winter,DNW,40
Monaco,Winter,Bronze,0
Monaco,Winter,Silver,0
Monaco,Winter,Gold,0
Monaco,Winter,DNW,36
Mongolia,Winter,Bronze,0
Mongolia,Winter,Silver,0
Mongolia,Winter,Gold,0
Mongolia,Winter,DNW,62
Montenegro,Winter,Bronze,0
Montenegro,Winter,Silver,0
Montenegro,Winter,Gold,0
Montenegro,Winter,DNW,5
Morocco,Winter,Bronze,0
Morocco,Winter,Silver,0
Morocco,Winter,Gold,0
Morocco,Winter,DNW,20
Nepal,Winter,Bronze,0
Nepal,Winter,Silver,0
Nepal,Winter,Gold,1
Nepal,Winter,DNW,5
Netherlands,Winter,Bronze,35
Netherlands,Winter,Silver,38
Netherlands,Winter,Gold,37
Netherlands,Winter,DNW,221
New Zealand,Winter,Bronze,0
New Zealand,Winter,Silver,1
New Zealand,Winter,Gold,0
New Zealand,Winter,DNW,117
North Korea,Winter,Bronze,1
North Korea,Winter,Silver,1
North Korea,Winter,Gold,0
North Korea,Winter,DNW,68
Norway,Winter,Bronze,100
Norway,Winter,Silver,108
Norway,Winter,Gold,111
Norway,Winter,DNW,618
Pakistan,Winter,Bronze,0
Pakistan,Winter,Silver,0
Pakistan,Winter,Gold,0
Pakistan,Winter,DNW,2
Paraguay,Winter,Bronze,0
Paraguay,Winter,Silver,0
Paraguay,Winter,Gold,0
Paraguay,Winter,DNW,1
Peru,Winter,Bronze,0
Peru,Winter,Silver,0
Peru,Winter,Gold,0
Peru,Winter,DNW,10
Philippines,Winter,Bronze,0
Philippines,Winter,Silver,0
Philippines,Winter,Gold,0
Philippines,Winter,DNW,6
Poland,Winter,Bronze,7
Poland,Winter,Silver,7
Poland,Winter,Gold,6
Poland,Winter,DNW,471
Portugal,Winter,Bronze,0
Portugal,Winter,Silver,0
Portugal,Winter,Gold,0
Portugal,Winter,DNW,15
Puerto Rico,Winter,Bronze,0
Puerto Rico,Winter,Silver,0
Puerto Rico,Winter,Gold,0
Puerto Rico,Winter,DNW,16
Romania,Winter,Bronze,1
Romania,Winter,Silver,0
Romania,Winter,Gold,0
Romania,Winter,DNW,304
Russia,Winter,Bronze,102
Russia,Winter,Silver,102
Russia,Winter,Gold,135
Russia,Winter,DNW,683
San Marino,Winter,Bronze,0
San Marino,Winter,Silver,0
San Marino,Winter,Gold,0
San Marino,Winter,DNW,23
Senegal,Winter,Bronze,0
Senegal,Winter,Silver,0
Senegal,Winter,Gold,0
Senegal,Winter,DNW,13
Serbia,Winter,Bronze,1
Serbia,Winter,Silver,3
Serbia,Winter,Gold,0
Serbia,Winter,DNW,204
Slovakia,Winter,Bronze,1
Slovakia,Winter,Silver,2
Slovakia,Winter,Gold,2
Slovakia,Winter,DNW,185
Slovenia,Winter,Bronze,9
Slovenia,Winter,Silver,4
Slovenia,Winter,Gold,2
Slovenia,Winter,DNW,212
South Africa,Winter,Bronze,0
South Africa,Winter,Silver,0
South Africa,Winter,Gold,0
South Africa,Winter,DNW,23
South Korea,Winter,Bronze,10
South Korea,Winter,Silver,17
South Korea,Winter,Gold,26
South Korea,Winter,DNW,335
Spain,Winter,Bronze,1
Spain,Winter,Silver,0
Spain,Winter,Gold,1
Spain,Winter,DNW,179
Swaziland,Winter,Bronze,0
Swaziland,Winter,Silver,0
Swaziland,Winter,Gold,0
Swaziland,Winter,DNW,3
Sweden,Winter,Bronze,54
Sweden,Winter,Silver,40
Sweden,Winter,Gold,50
Sweden,Winter,DNW,580
Switzerland,Winter,Bronze,47
Switzerland,Winter,Silver,40
Switzerland,Winter,Gold,50
Switzerland,Winter,DNW,561
Taiwan,Winter,Bronze,0
Taiwan,Winter,Silver,0
Taiwan,Winter,Gold,0
Taiwan,Winter,DNW,48
Tajikistan,Winter,Bronze,0
Tajikistan,Winter,Silver,0
Tajikistan,Winter,Gold,0
Tajikistan,Winter,DNW,10
Thailand,Winter,Bronze,0
Thailand,Winter,Silver,0
Thailand,Winter,Gold,0
Thailand,Winter,DNW,6
Timor-Leste,Winter,Bronze,0
Timor-Leste,Winter,Silver,0
Timor-Leste,Winter,Gold,0
Timor-Leste,Winter,DNW,1
Togo,Winter,Bronze,0
Togo,Winter,Silver,0
Togo,Winter,Gold,0
Togo,Winter,DNW,3
Tonga,Winter,Bronze,0
Tonga,Winter,Silver,0
Tonga,Winter,Gold,0
Tonga,Winter,DNW,1
Trinidad,Winter,Bronze,0
Trinidad,Winter,Silver,0
Trinidad,Winter,Gold,0
Trinidad,Winter,DNW,3
Turkey,Winter,Bronze,0
Turkey,Winter,Silver,0
Turkey,Winter,Gold,0
Turkey,Winter,DNW,79
UK,Winter,Bronze,12
UK,Winter,Silver,4
UK,Winter,Gold,11
UK,Winter,DNW,474
Ukraine,Winter,Bronze,4
Ukraine,Winter,Silver,1
Ukraine,Winter,Gold,2
Ukraine,Winter,DNW,238
Uruguay,Winter,Bronze,0
Uruguay,Winter,Silver,0
Uruguay,Winter,Gold,0
Uruguay,Winter,DNW,1
USA,Winter,Bronze,84
USA,Winter,Silver,99
USA,Winter,Gold,96
USA,Winter,DNW,880
Uzbekistan,Winter,Bronze,0
Uzbekistan,Winter,Silver,0
Uzbekistan,Winter,Gold,1
Uzbekistan,Winter,DNW,25
Venezuela,Winter,Bronze,0
Venezuela,Winter,Silver,0
Venezuela,Winter,Gold,0
Venezuela,Winter,DNW,5
"Virgin Islands, British",Winter,Bronze,0
"Virgin Islands, British",Winter,Silver,0
"Virgin Islands, British",Winter,Gold,0
"Virgin Islands, British",Winter,DNW,3
"Virgin Islands, US",Winter,Bronze,0
"Virgin Islands, US",Winter,Silver,0
"Virgin Islands, US",Winter,Gold,0
"Virgin Islands, US",Winter,DNW,25
Zimbabwe,Winter,Bronze,0
Zimbabwe,Winter,Silver,0
Zimbabwe,Winter,Gold,0
Zimbabwe,Winter,DNW,2
