Year,Season,Count,Gender
1896,Summer,176,Male
1896,Summer,0,Female
1900,Summer,1197,Male
1900,Summer,23,Female
1904,Summer,644,Male
1904,Summer,6,Female
1906,Summer,835,Male
1906,Summer,6,Female
1908,Summer,1980,Male
1908,Summer,44,Female
1912,Summer,2356,Male
1912,Summer,53,Female
1920,Summer,2597,Male
1920,Summer,78,Female
1924,Summer,3100,Male
1924,Summer,156,Female
1928,Summer,2934,Male
1928,Summer,312,Female
1932,Summer,1721,Male
1932,Summer,201,Female
1936,Summer,4121,Male
1936,Summer,361,Female
1948,Summer,3956,Male
1948,Summer,446,Female
1952,Summer,4410,Male
1952,Summer,521,Female
1956,Summer,2962,Male
1956,Summer,384,Female
1960,Summer,4735,Male
1960,Summer,613,Female
1964,Summer,4454,Male
1964,Summer,680,Female
1968,Summer,4769,Male
1968,Summer,783,Female
1972,Summer,6045,Male
1972,Summer,1060,Female
1976,Summer,4810,Male
1976,Summer,1260,Female
1980,Summer,4129,Male
1980,Summer,1123,Female
1984,Summer,5224,Male
1984,Summer,1567,Female
1988,Summer,6242,Male
1988,Summer,2202,Female
1992,Summer,6660,Male
1992,Summer,2721,Female
1996,Summer,6814,Male
1996,Summer,3512,Female
2000,Summer,6576,Male
2000,Summer,4064,Female
2004,Summer,6252,Male
2004,Summer,4288,Female
2008,Summer,6284,Male
2008,Summer,4603,Female
2012,Summer,5858,Male
2012,Summer,4646,Female
2016,Summer,6143,Male
2016,Summer,5031,Female
1924,Winter,300,Male
1924,Winter,13,Female
1928,Winter,433,Male
1928,Winter,28,Female
1932,Winter,231,Male
1932,Winter,21,Female
1936,Winter,588,Male
1936,Winter,80,Female
1948,Winter,591,Male
1948,Winter,77,Female
1952,Winter,585,Male
1952,Winter,109,Female
1956,Winter,689,Male
1956,Winter,132,Female
1960,Winter,521,Male
1960,Winter,144,Female
1964,Winter,894,Male
1964,Winter,200,Female
1968,Winter,949,Male
1968,Winter,211,Female
1972,Winter,802,Male
1972,Winter,206,Female
1976,Winter,896,Male
1976,Winter,231,Female
1980,Winter,836,Male
1980,Winter,235,Female
1984,Winter,995,Male
1984,Winter,277,Female
1988,Winter,1110,Male
1988,Winter,315,Female
1992,Winter,1313,Male
1992,Winter,488,Female
1994,Winter,1216,Male
1994,Winter,522,Female
1998,Winter,1390,Male
1998,Winter,788,Female
2002,Winter,1512,Male
2002,Winter,885,Female
2006,Winter,1539,Male
2006,Winter,955,Female
2010,Winter,1503,Male
2010,Winter,1032,Female
2014,Winter,1642,Male
2014,Winter,1102,Female
