"Country","Season","Total Medals Actual","Bronze","Silver","Gold","DNW"
"Afghanistan","Summer",2,2,0,0,75
"Albania","Summer",0,0,0,0,57
"Algeria","Summer",17,8,4,5,359
"American Samoa","Summer",0,0,0,0,34
"Andorra","Summer",0,0,0,0,45
"Angola","Summer",0,0,0,0,110
"Antigua","Summer",0,0,0,0,94
"Argentina","Summer",74,28,25,21,1288
"Armenia","Summer",16,9,5,2,154
"Aruba","Summer",0,0,0,0,38
"Australia","Summer",518,197,171,150,2571
"Austria","Summer",108,42,40,26,1338
"Azerbaijan","Summer",44,25,12,7,203
"Bahamas","Summer",14,6,2,6,210
"Bahrain","Summer",3,1,1,1,84
"Bangladesh","Summer",0,0,0,0,49
"Barbados","Summer",1,1,0,0,170
"Belarus","Summer",84,43,28,13,612
"Belgium","Summer",166,63,59,44,1442
"Belize","Summer",0,0,0,0,55
"Benin","Summer",0,0,0,0,64
"Bermuda","Summer",1,1,0,0,134
"Bhutan","Summer",0,0,0,0,20
"Bolivia","Summer",0,0,0,0,108
"Bosnia and Herzegovina","Summer",0,0,0,0,69
"Botswana","Summer",1,0,1,0,66
"Brazil","Summer",128,62,36,30,1484
"Brunei","Summer",0,0,0,0,10
"Bulgaria","Summer",217,80,86,51,1154
"Burkina Faso","Summer",0,0,0,0,42
"Burundi","Summer",2,0,1,1,32
"Cambodia","Summer",0,0,0,0,54
"Cameroon","Summer",5,1,1,3,187
"Canada","Summer",305,137,104,64,2635
"Cape Verde","Summer",0,0,0,0,18
"Cayman Islands","Summer",0,0,0,0,57
"Central African Republic","Summer",0,0,0,0,51
"Chad","Summer",0,0,0,0,39
"Chile","Summer",13,4,7,2,432
"China","Summer",542,153,162,227,1392
"Colombia","Summer",28,14,9,5,646
"Comoros","Summer",0,0,0,0,19
"Cook Islands","Summer",0,0,0,0,40
"Costa Rica","Summer",4,2,1,1,160
"Croatia","Summer",33,12,10,11,328
"Cuba","Summer",214,70,67,77,957
"Curacao","Summer",1,0,1,0,58
"Cyprus","Summer",1,0,1,0,152
"Czech Republic","Summer",207,75,68,64,1738
"Democratic Republic of the Congo","Summer",0,0,0,0,62
"Denmark","Summer",210,80,81,49,1274
"Djibouti","Summer",1,1,0,0,32
"Dominica","Summer",0,0,0,0,18
"Dominican Republic","Summer",7,2,2,3,195
"Ecuador","Summer",2,0,1,1,223
"Egypt","Summer",27,12,8,7,762
"El Salvador","Summer",0,0,0,0,153
"Equatorial Guinea","Summer",0,0,0,0,37
"Eritrea","Summer",1,1,0,0,25
"Estonia","Summer",34,16,9,9,308
"Ethiopia","Summer",53,22,9,22,171
"Fiji","Summer",1,0,0,1,162
"Finland","Summer",310,120,86,104,1518
"France","Summer",770,282,255,233,3075
"Gabon","Summer",1,0,1,0,45
"Gambia","Summer",0,0,0,0,40
"Georgia","Summer",32,18,6,8,197
"Germany","Summer",1389,490,457,442,3153
"Ghana","Summer",4,3,1,0,174
"Greece","Summer",151,52,57,42,1325
"Grenada","Summer",2,0,1,1,47
"Guam","Summer",0,0,0,0,89
"Guatemala","Summer",1,0,1,0,274
"Guinea","Summer",0,0,0,0,59
"Guinea-Bissau","Summer",0,0,0,0,21
"Guyana","Summer",1,1,0,0,98
"Haiti","Summer",3,1,1,1,95
"Honduras","Summer",0,0,0,0,108
"Hong Kong","Summer",3,1,1,1,418
"Hungary","Summer",504,172,154,178,2175
"Iceland","Summer",4,2,2,0,289
"India","Summer",28,12,7,9,657
"Individual Olympic Athletes","Summer",5,3,1,1,68
"Indonesia","Summer",30,11,12,7,258
"Iran","Summer",68,29,21,18,458
"Iraq","Summer",1,1,0,0,133
"Ireland","Summer",33,13,11,9,763
"Israel","Summer",9,7,1,1,455
"Italy","Summer",608,198,191,219,2620
"Ivory Coast","Summer",3,1,1,1,118
"Jamaica","Summer",76,22,32,22,353
"Japan","Summer",437,161,134,142,2186
"Jordan","Summer",1,0,0,1,73
"Kazakhstan","Summer",70,29,22,19,545
"Kenya","Summer",100,31,38,31,335
"Kiribati","Summer",0,0,0,0,11
"Kosovo","Summer",1,0,0,1,7
"Kuwait","Summer",2,2,0,0,156
"Kyrgyzstan","Summer",3,2,1,0,181
"Laos","Summer",0,0,0,0,48
"Latvia","Summer",19,5,11,3,305
"Lebanon","Summer",4,2,2,0,187
"Lesotho","Summer",0,0,0,0,54
"Liberia","Summer",0,0,0,0,57
"Libya","Summer",0,0,0,0,64
"Liechtenstein","Summer",0,0,0,0,83
"Lithuania","Summer",25,13,6,6,324
"Luxembourg","Summer",6,0,2,4,395
"Macedonia","Summer",1,1,0,0,61
"Madagascar","Summer",0,0,0,0,105
"Malawi","Summer",0,0,0,0,73
"Malaysia","Summer",11,4,7,0,315
"Maldives","Summer",0,0,0,0,40
"Mali","Summer",0,0,0,0,66
"Malta","Summer",0,0,0,0,81
"Marshall Islands","Summer",0,0,0,0,14
"Mauritania","Summer",0,0,0,0,29
"Mauritius","Summer",1,1,0,0,116
"Mexico","Summer",67,30,24,13,1303
"Micronesia","Summer",0,0,0,0,26
"Moldova","Summer",7,5,2,0,168
"Monaco","Summer",1,1,0,0,101
"Mongolia","Summer",26,14,10,2,359
"Montenegro","Summer",1,0,1,0,25
"Morocco","Summer",23,12,5,6,352
"Mozambique","Summer",2,1,0,1,72
"Myanmar","Summer",0,0,0,0,95
"Namibia","Summer",4,0,4,0,67
"Nauru","Summer",0,0,0,0,13
"Nepal","Summer",0,0,0,0,80
"Netherlands","Summer",297,114,95,88,1583
"New Zealand","Summer",118,44,27,47,958
"Nicaragua","Summer",0,0,0,0,103
"Niger","Summer",2,1,1,0,43
"Nigeria","Summer",24,13,8,3,389
"North Korea","Summer",54,23,15,16,281
"Norway","Summer",155,48,51,56,1035
"Oman","Summer",0,0,0,0,51
"Pakistan","Summer",10,4,3,3,259
"Palau","Summer",0,0,0,0,25
"Palestine","Summer",0,0,0,0,21
"Panama","Summer",3,2,0,1,116
"Papua New Guinea","Summer",0,0,0,0,98
"Paraguay","Summer",1,0,1,0,93
"Peru","Summer",4,0,3,1,314
"Philippines","Summer",10,7,3,0,481
"Poland","Summer",290,134,87,69,1916
"Portugal","Summer",24,12,8,4,841
"Puerto Rico","Summer",9,6,2,1,596
"Qatar","Summer",5,4,1,0,109
"Refugee Olympic Athletes","Summer",0,0,0,0,12
"Republic of Congo","Summer",0,0,0,0,74
"Romania","Summer",303,120,95,88,1309
"Russia","Summer",1577,487,498,592,2359
"Rwanda","Summer",0,0,0,0,53
"Saint Kitts","Summer",0,0,0,0,23
"Saint Lucia","Summer",0,0,0,0,24
"Saint Vincent","Summer",0,0,0,0,33
"Samoa","Summer",0,0,0,0,63
"San Marino","Summer",0,0,0,0,108
"Sao Tome and Principe","Summer",0,0,0,0,15
"Saudi Arabia","Summer",3,2,1,0,132
"Senegal","Summer",1,0,1,0,235
"Serbia","Summer",107,37,39,31,868
"Seychelles","Summer",0,0,0,0,101
"Sierra Leone","Summer",0,0,0,0,76
"Singapore","Summer",5,2,2,1,233
"Slovakia","Summer",28,8,11,9,323
"Slovenia","Summer",23,10,8,5,338
"Solomon Islands","Summer",0,0,0,0,27
"Somalia","Summer",0,0,0,0,28
"South Africa","Summer",88,30,33,25,805
"South Korea","Summer",263,88,85,90,1408
"South Sudan","Summer",0,0,0,0,3
"Spain","Summer",148,41,63,44,1776
"Sri Lanka","Summer",2,0,2,0,128
"Sudan","Summer",1,0,1,0,86
"Suriname","Summer",2,1,0,1,66
"Swaziland","Summer",0,0,0,0,59
"Sweden","Summer",513,188,175,150,2083
"Switzerland","Summer",209,69,82,58,1579
"Syria","Summer",5,2,2,1,167
"Taiwan","Summer",24,14,7,3,594
"Tajikistan","Summer",4,2,1,1,56
"Tanzania","Summer",2,0,2,0,105
"Thailand","Summer",30,13,8,9,471
"Timor-Leste","Summer",0,0,0,0,8
"Togo","Summer",1,1,0,0,46
"Tonga","Summer",1,0,1,0,44
"Trinidad","Summer",21,13,5,3,218
"Tunisia","Summer",13,7,3,3,307
"Turkey","Summer",95,28,27,40,778
"Turkmenistan","Summer",0,0,0,0,53
"Tuvalu","Summer",0,0,0,0,7
"Uganda","Summer",7,2,3,2,192
"UK","Summer",892,298,316,278,3240
"Ukraine","Summer",126,59,32,35,921
"United Arab Emirates","Summer",2,1,0,1,83
"Unknown","Summer",0,0,0,0,1
"Uruguay","Summer",10,6,2,2,273
"USA","Summer",2544,707,802,1035,3424
"Uzbekistan","Summer",33,17,7,9,366
"Vanuatu","Summer",0,0,0,0,35
"Venezuela","Summer",15,10,3,2,611
"Vietnam","Summer",4,0,3,1,177
"Virgin Islands, British","Summer",0,0,0,0,28
"Virgin Islands, US","Summer",1,0,1,0,175
"Yemen","Summer",0,0,0,0,47
"Zambia","Summer",2,1,1,0,137
"Zimbabwe","Summer",8,1,4,3,215
"Albania","Winter",0,0,0,0,7
"Algeria","Winter",0,0,0,0,9
"American Samoa","Winter",0,0,0,0,1
"Andorra","Winter",0,0,0,0,69
"Argentina","Winter",0,0,0,0,167
"Armenia","Winter",0,0,0,0,37
"Australia","Winter",13,4,3,6,318
"Austria","Winter",218,81,78,59,602
"Azerbaijan","Winter",0,0,0,0,14
"Belarus","Winter",15,5,4,6,181
"Belgium","Winter",5,3,1,1,111
"Bermuda","Winter",0,0,0,0,7
"Bolivia","Winter",0,0,0,0,12
"Bosnia and Herzegovina","Winter",0,0,0,0,48
"Brazil","Winter",0,0,0,0,44
"Bulgaria","Winter",6,3,2,1,269
"Cameroon","Winter",0,0,0,0,2
"Canada","Winter",170,52,56,62,755
"Cayman Islands","Winter",0,0,0,0,3
"Chile","Winter",0,0,0,0,79
"China","Winter",53,19,22,12,303
"Colombia","Winter",0,0,0,0,2
"Costa Rica","Winter",0,0,0,0,18
"Croatia","Winter",11,1,6,4,91
"Curacao","Winter",0,0,0,0,3
"Cyprus","Winter",0,0,0,0,30
"Czech Republic","Winter",49,23,17,9,562
"Denmark","Winter",1,0,1,0,74
"Dominica","Winter",0,0,0,0,1
"Egypt","Winter",0,0,0,0,3
"Estonia","Winter",7,1,2,4,167
"Ethiopia","Winter",0,0,0,0,2
"Fiji","Winter",0,0,0,0,4
"Finland","Winter",161,57,62,42,467
"France","Winter",109,47,31,31,637
"Georgia","Winter",0,0,0,0,33
"Germany","Winter",377,106,135,136,768
"Ghana","Winter",0,0,0,0,1
"Greece","Winter",0,0,0,0,115
"Guam","Winter",0,0,0,0,1
"Guatemala","Winter",0,0,0,0,8
"Honduras","Winter",0,0,0,0,3
"Hong Kong","Winter",0,0,0,0,10
"Hungary","Winter",6,4,2,0,260
"Iceland","Winter",0,0,0,0,103
"India","Winter",1,0,0,1,20
"Individual Olympic Athletes","Winter",0,0,0,0,1
"Iran","Winter",0,0,0,0,31
"Ireland","Winter",0,0,0,0,32
"Israel","Winter",0,0,0,0,18
"Italy","Winter",114,43,34,37,723
"Jamaica","Winter",0,0,0,0,11
"Japan","Winter",45,18,17,10,690
"Kazakhstan","Winter",7,3,3,1,221
"Kenya","Winter",0,0,0,0,4
"Kyrgyzstan","Winter",0,0,0,0,15
"Latvia","Winter",7,3,4,0,187
"Lebanon","Winter",0,0,0,0,52
"Liechtenstein","Winter",9,5,2,2,131
"Lithuania","Winter",0,0,0,0,95
"Luxembourg","Winter",2,0,2,0,17
"Macedonia","Winter",0,0,0,0,22
"Madagascar","Winter",0,0,0,0,2
"Malta","Winter",0,0,0,0,2
"Mexico","Winter",0,0,0,0,36
"Moldova","Winter",0,0,0,0,40
"Monaco","Winter",0,0,0,0,36
"Mongolia","Winter",0,0,0,0,62
"Montenegro","Winter",0,0,0,0,5
"Morocco","Winter",0,0,0,0,20
"Nepal","Winter",1,0,0,1,5
"Netherlands","Winter",110,35,38,37,221
"New Zealand","Winter",1,0,1,0,117
"North Korea","Winter",2,1,1,0,68
"Norway","Winter",319,100,108,111,618
"Pakistan","Winter",0,0,0,0,2
"Paraguay","Winter",0,0,0,0,1
"Peru","Winter",0,0,0,0,10
"Philippines","Winter",0,0,0,0,6
"Poland","Winter",20,7,7,6,471
"Portugal","Winter",0,0,0,0,15
"Puerto Rico","Winter",0,0,0,0,16
"Romania","Winter",1,1,0,0,304
"Russia","Winter",339,102,102,135,683
"San Marino","Winter",0,0,0,0,23
"Senegal","Winter",0,0,0,0,13
"Serbia","Winter",4,1,3,0,204
"Slovakia","Winter",5,1,2,2,185
"Slovenia","Winter",15,9,4,2,212
"South Africa","Winter",0,0,0,0,23
"South Korea","Winter",53,10,17,26,335
"Spain","Winter",2,1,0,1,179
"Swaziland","Winter",0,0,0,0,3
"Sweden","Winter",144,54,40,50,580
"Switzerland","Winter",137,47,40,50,561
"Taiwan","Winter",0,0,0,0,48
"Tajikistan","Winter",0,0,0,0,10
"Thailand","Winter",0,0,0,0,6
"Timor-Leste","Winter",0,0,0,0,1
"Togo","Winter",0,0,0,0,3
"Tonga","Winter",0,0,0,0,1
"Trinidad","Winter",0,0,0,0,3
"Turkey","Winter",0,0,0,0,79
"UK","Winter",27,12,4,11,474
"Ukraine","Winter",7,4,1,2,238
"Uruguay","Winter",0,0,0,0,1
"USA","Winter",279,84,99,96,880
"Uzbekistan","Winter",1,0,0,1,25
"Venezuela","Winter",0,0,0,0,5
"Virgin Islands, British","Winter",0,0,0,0,3
"Virgin Islands, US","Winter",0,0,0,0,25
"Zimbabwe","Winter",0,0,0,0,2
