﻿Year,Season,Medal,Count
1896,Summer,Bronze,32
1896,Summer,Silver,41
1896,Summer,Gold,43
1896,Summer,DNW,38
1900,Summer,Bronze,80
1900,Summer,Silver,86
1900,Summer,Gold,89
1900,Summer,DNW,77
1904,Summer,Bronze,88
1904,Summer,Silver,92
1904,Summer,Gold,95
1904,Summer,DNW,69
1906,Summer,Bronze,71
1906,Summer,Silver,74
1906,Summer,Gold,74
1906,Summer,DNW,70
1908,Summer,Bronze,97
1908,Summer,Silver,103
1908,Summer,Gold,109
1908,Summer,DNW,97
1912,Summer,Bronze,100
1912,Summer,Silver,103
1912,Summer,Gold,106
1912,Summer,DNW,104
1920,Summer,Bronze,138
1920,Summer,Silver,151
1920,Summer,Gold,154
1920,Summer,DNW,132
1924,Summer,Bronze,128
1924,Summer,Silver,130
1924,Summer,Gold,129
1924,Summer,DNW,130
1928,Summer,Bronze,119
1928,Summer,Silver,118
1928,Summer,Gold,118
1928,Summer,DNW,122
1932,Summer,Bronze,120
1932,Summer,Silver,125
1932,Summer,Gold,125
1932,Summer,DNW,122
1936,Summer,Bronze,140
1936,Summer,Silver,140
1936,Summer,Gold,140
1936,Summer,DNW,145
1948,Summer,Bronze,147
1948,Summer,Silver,145
1948,Summer,Gold,143
1948,Summer,DNW,152
1952,Summer,Bronze,146
1952,Summer,Silver,149
1952,Summer,Gold,149
1952,Summer,DNW,149
1956,Summer,Bronze,148
1956,Summer,Silver,149
1956,Summer,Gold,151
1956,Summer,DNW,151
1960,Summer,Bronze,149
1960,Summer,Silver,148
1960,Summer,Gold,150
1960,Summer,DNW,150
1964,Summer,Bronze,160
1964,Summer,Silver,163
1964,Summer,Gold,163
1964,Summer,DNW,163
1968,Summer,Bronze,172
1968,Summer,Silver,170
1968,Summer,Gold,172
1968,Summer,DNW,172
1972,Summer,Bronze,190
1972,Summer,Silver,192
1972,Summer,Gold,193
1972,Summer,DNW,193
1976,Summer,Bronze,197
1976,Summer,Silver,198
1976,Summer,Gold,198
1976,Summer,DNW,198
1980,Summer,Bronze,201
1980,Summer,Silver,202
1980,Summer,Gold,203
1980,Summer,DNW,203
1984,Summer,Bronze,220
1984,Summer,Silver,216
1984,Summer,Gold,221
1984,Summer,DNW,221
1988,Summer,Bronze,236
1988,Summer,Silver,234
1988,Summer,Gold,237
1988,Summer,DNW,237
1992,Summer,Bronze,253
1992,Summer,Silver,254
1992,Summer,Gold,257
1992,Summer,DNW,257
1996,Summer,Bronze,269
1996,Summer,Silver,271
1996,Summer,Gold,271
1996,Summer,DNW,271
2000,Summer,Bronze,299
2000,Summer,Silver,299
2000,Summer,Gold,299
2000,Summer,DNW,300
2004,Summer,Bronze,300
2004,Summer,Silver,300
2004,Summer,Gold,301
2004,Summer,DNW,301
2008,Summer,Bronze,301
2008,Summer,Silver,302
2008,Summer,Gold,302
2008,Summer,DNW,302
2012,Summer,Bronze,300
2012,Summer,Silver,302
2012,Summer,Gold,302
2012,Summer,DNW,302
2016,Summer,Bronze,305
2016,Summer,Silver,304
2016,Summer,Gold,306
2016,Summer,DNW,306
1924,Winter,Bronze,16
1924,Winter,Silver,16
1924,Winter,Gold,17
1924,Winter,DNW,15
1928,Winter,Bronze,13
1928,Winter,Silver,12
1928,Winter,Gold,13
1928,Winter,DNW,14
1932,Winter,Bronze,14
1932,Winter,Silver,14
1932,Winter,Gold,14
1932,Winter,DNW,14
1936,Winter,Bronze,17
1936,Winter,Silver,17
1936,Winter,Gold,17
1936,Winter,DNW,17
1948,Winter,Bronze,21
1948,Winter,Silver,22
1948,Winter,Gold,22
1948,Winter,DNW,22
1952,Winter,Bronze,22
1952,Winter,Silver,22
1952,Winter,Gold,22
1952,Winter,DNW,22
1956,Winter,Bronze,24
1956,Winter,Silver,23
1956,Winter,Gold,24
1956,Winter,DNW,24
1960,Winter,Bronze,27
1960,Winter,Silver,26
1960,Winter,Gold,27
1960,Winter,DNW,27
1964,Winter,Bronze,31
1964,Winter,Silver,34
1964,Winter,Gold,34
1964,Winter,DNW,34
1968,Winter,Bronze,32
1968,Winter,Silver,35
1968,Winter,Gold,35
1968,Winter,DNW,35
1972,Winter,Bronze,35
1972,Winter,Silver,34
1972,Winter,Gold,35
1972,Winter,DNW,35
1976,Winter,Bronze,37
1976,Winter,Silver,37
1976,Winter,Gold,37
1976,Winter,DNW,37
1980,Winter,Bronze,37
1980,Winter,Silver,38
1980,Winter,Gold,38
1980,Winter,DNW,38
1984,Winter,Bronze,39
1984,Winter,Silver,39
1984,Winter,Gold,39
1984,Winter,DNW,39
1988,Winter,Bronze,46
1988,Winter,Silver,46
1988,Winter,Gold,46
1988,Winter,DNW,46
1992,Winter,Bronze,56
1992,Winter,Silver,56
1992,Winter,Gold,55
1992,Winter,DNW,57
1994,Winter,Bronze,61
1994,Winter,Silver,60
1994,Winter,Gold,59
1994,Winter,DNW,61
1998,Winter,Bronze,67
1998,Winter,Silver,66
1998,Winter,Gold,66
1998,Winter,DNW,68
2002,Winter,Bronze,78
2002,Winter,Silver,76
2002,Winter,Gold,78
2002,Winter,DNW,78
2006,Winter,Bronze,84
2006,Winter,Silver,84
2006,Winter,Gold,84
2006,Winter,DNW,84
2010,Winter,Bronze,85
2010,Winter,Silver,86
2010,Winter,Gold,86
2010,Winter,DNW,86
2014,Winter,Bronze,98
2014,Winter,Silver,97
2014,Winter,Gold,98
2014,Winter,DNW,98
